Id,Time,Product,User,Score,Summary,Text, 
1,01/01/2016 06:30,WH001,C001,4,on time,AGV1, 
2,01/01/2016 06:30,WH001,C001,8,late,R1,
3,01/01/2016 06:30,WH001,C001,2,early,R15,
4,01/01/2016 06:30,WH001,C001,10,not delivered,R20,
5,01/01/2016 06:30,WH001,C001,1,on time,R3,
6,01/01/2016 06:30,WH001,C001,8,late,AGV2,
7,01/01/2016 06:30,WH001,C001,8,early,AGV10,
8,01/01/2016 06:30,WH001,C001,8,not delivered,AGV4,
9,01/01/2016 06:30,WH001,C001,9,on time,AGV6,
10,01/01/2016 06:30,WH001,C001,4,late,AGV1,
11,01/01/2016 06:30,WH001,C001,10,early,AGV3,
12,01/01/2016 06:30,WH001,C001,4,not delivered,AGV10,
13,01/01/2016 06:30,WH001,C001,7,on time,AGV9,
14,01/01/2016 06:30,WH001,C001,6,late,AGV10,
15,01/01/2016 06:30,WH001,C001,5,early,AGV3,
16,01/01/2016 06:30,WH001,C001,5,not delivered,AGV5,
17,01/01/2016 06:30,WH001,C001,5,on time,AGV9,
18,01/01/2016 06:30,WH001,C001,10,late,AGV1,
19,01/01/2016 06:30,WH001,C001,7,early,AGV8,
20,01/01/2016 06:30,WH001,C001,4,not delivered,AGV5,
21,01/01/2016 06:30,WH001,C001,9,on time,AGV2,
22,01/01/2016 06:30,WH001,C001,8,late,AGV4,
23,01/01/2016 06:30,WH001,C001,2,early,AGV2,
24,01/01/2016 06:30,WH001,C001,6,not delivered,AGV6,
25,01/01/2016 06:30,WH001,C001,2,on time,AGV2,
26,01/01/2016 06:30,WH001,C001,9,late,AGV5,
27,01/01/2016 06:30,WH001,C001,6,early,AGV7,
28,01/01/2016 06:30,WH001,C001,2,not delivered,AGV5,
29,01/01/2016 06:30,WH001,C001,4,on time,AGV8,
30,01/01/2016 06:30,WH001,C001,10,late,AGV3,
31,01/01/2016 06:30,WH001,C001,8,early,AGV2,
32,01/01/2016 06:30,WH001,C001,8,on time,AGV5,
33,01/01/2016 06:30,WH001,C001,5,late,AGV5,
34,01/01/2016 06:30,WH001,C001,5,early,AGV7,
35,01/01/2016 06:30,WH001,C001,7,not delivered,AGV7,
36,01/01/2016 06:30,WH001,C001,7,on time,AGV1,
37,01/01/2016 06:30,WH001,C001,5,late,AGV8,
38,01/01/2016 06:30,WH001,C001,7,early,AGV7,
39,01/01/2016 06:30,WH001,C001,7,not delivered,AGV7,
40,01/01/2016 06:30,WH001,C001,4,on time,AGV5,
41,01/01/2016 06:30,WH001,C001,8,late,AGV4,
42,01/01/2016 06:30,WH001,C001,2,early,AGV8,
43,01/01/2016 06:30,WH001,C001,10,not delivered,AGV8,
44,01/01/2016 06:30,WH001,C001,7,on time,AGV8,
45,01/01/2016 06:30,WH001,C001,2,late,AGV3,
46,01/01/2016 06:30,WH001,C001,3,early,AGV1,
47,01/01/2016 06:30,WH001,C001,5,not delivered,AGV4,
48,01/01/2016 06:30,WH001,C001,7,on time,AGV9,
49,01/01/2016 06:30,WH001,C001,3,late,AGV5,
50,01/01/2016 06:30,WH001,C001,1,early,AGV7,
51,01/01/2016 06:30,WH001,C001,1,not delivered,AGV9,
52,01/01/2016 06:30,WH001,C001,8,on time,AGV4,
53,01/01/2016 06:30,WH001,C001,2,late,AGV9,
54,01/01/2016 06:30,WH001,C001,6,early,AGV6,
55,01/01/2016 06:30,WH001,C001,3,not delivered,AGV7,
56,01/01/2016 06:30,WH001,C001,10,on time,AGV5,
57,01/01/2016 06:30,WH001,C001,7,late,AGV9,
58,01/01/2016 06:30,WH001,C001,9,early,AGV4,
59,01/01/2016 06:30,WH001,C001,7,not delivered,AGV4,
60,01/01/2016 06:30,WH001,C001,2,on time,AGV4,
61,01/01/2016 06:30,WH001,C001,8,late,AGV8,
62,01/01/2016 06:30,WH001,C001,7,early,AGV4,
63,01/01/2016 06:30,WH001,C001,7,on time,AGV7,
64,01/01/2016 06:30,WH001,C001,7,late,AGV6,
65,01/01/2016 06:30,WH001,C001,8,early,AGV4,
66,01/01/2016 06:30,WH001,C001,7,not delivered,AGV10,
67,01/01/2016 06:30,WH001,C001,7,on time,AGV4,
68,01/01/2016 06:30,WH001,C001,8,late,AGV7,
69,01/01/2016 06:30,WH001,C001,6,early,AGV4,
70,01/01/2016 06:30,WH001,C001,4,not delivered,AGV3,
71,01/01/2016 06:30,WH001,C001,8,on time,AGV6,
72,01/01/2016 06:30,WH001,C001,7,late,AGV6,
73,01/01/2016 06:30,WH001,C001,7,early,AGV1,
74,01/01/2016 06:30,WH001,C001,2,not delivered,AGV2,
75,01/01/2016 06:30,WH001,C001,7,on time,AGV7,
76,01/01/2016 06:30,WH001,C001,1,late,AGV2,
77,01/01/2016 06:30,WH001,C001,3,early,AGV3,
78,01/01/2016 06:30,WH001,C001,9,not delivered,AGV10,
79,01/01/2016 06:30,WH001,C001,2,on time,AGV3,
80,01/01/2016 06:30,WH001,C001,3,late,AGV9,
81,01/01/2016 06:30,WH001,C001,9,early,AGV4,
82,01/01/2016 06:30,WH001,C001,7,not delivered,AGV3,
83,01/01/2016 06:30,WH001,C001,4,on time,AGV10,
84,01/01/2016 06:30,WH001,C001,5,late,AGV2,
85,01/01/2016 06:30,WH001,C001,10,early,AGV4,
86,01/01/2016 06:30,WH001,C001,6,not delivered,AGV4,
87,01/01/2016 06:30,WH001,C001,5,on time,AGV4,
88,01/01/2016 06:30,WH001,C001,8,late,AGV2,
89,01/01/2016 06:30,WH001,C001,10,early,AGV9,
90,01/01/2016 06:30,WH001,C001,7,not delivered,AGV8,
91,01/01/2016 06:30,WH001,C001,8,on time,AGV2,
92,01/01/2016 06:30,WH001,C001,9,late,AGV8,
93,01/01/2016 06:30,WH001,C001,10,early,AGV2,
94,01/01/2016 06:30,WH001,C001,8,on time,AGV5,
95,01/01/2016 06:30,WH001,C001,10,late,AGV3,
96,01/01/2016 06:30,WH001,C001,1,early,AGV5,
97,01/01/2016 06:30,WH001,C001,3,not delivered,AGV2,
98,01/01/2016 06:30,WH001,C001,2,on time,AGV7,
99,01/01/2016 06:30,WH001,C001,4,late,AGV7,
100,01/01/2016 06:30,WH001,C001,3,early,AGV3,
101,01/01/2016 06:30,WH001,C001,5,not delivered,AGV9,
102,01/01/2016 06:30,WH001,C001,9,on time,AGV10,
103,01/01/2016 06:30,WH001,C001,8,late,AGV9,
104,01/01/2016 06:30,WH001,C001,2,early,AGV3,
105,01/01/2016 06:30,WH001,C001,9,not delivered,AGV3,
106,01/01/2016 06:30,WH001,C001,2,on time,AGV3,
107,01/01/2016 06:30,WH001,C001,9,late,AGV5,
108,01/01/2016 06:30,WH001,C001,5,early,AGV6,
109,01/01/2016 06:30,WH001,C001,1,not delivered,AGV8,
110,01/01/2016 06:30,WH001,C001,10,on time,AGV3,
111,01/01/2016 06:30,WH001,C001,3,late,AGV8,
112,01/01/2016 06:30,WH001,C001,10,early,AGV8,
113,01/01/2016 06:30,WH001,C001,1,not delivered,AGV2,
114,01/01/2016 06:30,WH001,C001,3,on time,AGV8,
115,01/01/2016 06:30,WH001,C001,1,late,AGV3,
116,01/01/2016 06:30,WH001,C001,3,early,AGV7,
117,01/01/2016 06:30,WH001,C001,2,not delivered,AGV1,
118,01/01/2016 06:30,WH001,C001,4,on time,AGV7,
119,01/01/2016 06:30,WH001,C001,2,late,AGV3,
120,01/01/2016 06:30,WH001,C001,2,early,AGV1,
121,01/01/2016 06:30,WH001,C001,3,not delivered,AGV2,
122,01/01/2016 06:30,WH001,C001,4,on time,AGV1,
123,01/01/2016 06:30,WH001,C001,6,late,AGV1,
124,01/01/2016 06:30,WH001,C001,6,early,AGV1,
125,01/01/2016 06:30,WH001,C001,2,on time,AGV8,
126,01/01/2016 06:30,WH001,C001,4,late,AGV4,
127,01/01/2016 06:30,WH001,C001,5,early,AGV6,
128,01/01/2016 06:30,WH001,C001,10,not delivered,AGV1,
129,01/01/2016 06:30,WH001,C001,5,on time,AGV2,
130,01/01/2016 06:30,WH001,C001,9,late,AGV7,
131,01/01/2016 06:30,WH001,C001,10,early,AGV1,
132,01/01/2016 06:30,WH001,C001,4,not delivered,AGV4,
133,01/01/2016 06:30,WH001,C001,7,on time,AGV7,
134,01/01/2016 06:30,WH001,C001,6,late,AGV4,
135,01/01/2016 06:30,WH001,C001,5,early,AGV3,
136,01/01/2016 06:30,WH001,C001,1,not delivered,AGV2,
137,01/01/2016 06:30,WH001,C001,3,on time,AGV3,
138,01/01/2016 06:30,WH001,C001,8,late,AGV8,
139,01/01/2016 06:30,WH001,C001,8,early,AGV9,
140,01/01/2016 06:30,WH001,C001,9,not delivered,AGV7,
141,01/01/2016 06:30,WH001,C001,1,on time,AGV3,
142,01/01/2016 06:30,WH001,C001,1,late,AGV6,
143,01/01/2016 06:30,WH001,C001,7,early,AGV9,
144,01/01/2016 06:30,WH001,C001,2,not delivered,AGV8,
145,01/01/2016 06:30,WH001,C001,5,on time,AGV8,
146,01/01/2016 06:30,WH001,C001,6,late,AGV7,
147,01/01/2016 06:30,WH001,C001,8,early,AGV9,
148,01/01/2016 06:30,WH001,C001,3,not delivered,AGV7,
149,01/01/2016 06:30,WH001,C001,1,on time,AGV10,
150,01/01/2016 06:30,WH001,C001,4,late,AGV4,
151,01/01/2016 06:30,WH001,C001,8,early,AGV10,
152,01/01/2016 06:30,WH001,C001,10,not delivered,AGV4,
153,01/01/2016 06:30,WH001,C001,7,on time,AGV6,
154,01/01/2016 06:30,WH001,C001,1,late,AGV4,
155,01/01/2016 06:30,WH001,C001,7,early,AGV2,
156,01/01/2016 06:30,WH001,C001,7,on time,AGV4,
157,01/01/2016 06:30,WH001,C001,9,late,AGV8,
158,01/01/2016 06:30,WH001,C001,4,early,AGV5,
159,01/01/2016 06:30,WH001,C001,7,not delivered,AGV8,
160,01/01/2016 06:30,WH001,C001,7,on time,AGV7,
161,01/01/2016 06:30,WH001,C001,10,late,AGV10,
162,01/01/2016 06:30,WH001,C001,7,early,AGV8,
163,01/01/2016 06:30,WH001,C001,9,not delivered,AGV2,
164,01/01/2016 06:30,WH001,C001,2,on time,AGV1,
165,01/01/2016 06:30,WH001,C001,9,late,AGV5,
166,01/01/2016 06:30,WH001,C001,3,early,AGV10,
167,01/01/2016 06:30,WH001,C001,3,not delivered,AGV8,
168,01/01/2016 06:30,WH001,C001,10,on time,AGV3,
169,01/01/2016 06:30,WH001,C001,2,late,AGV7,
170,01/01/2016 06:30,WH001,C001,9,early,AGV3,
171,01/01/2016 06:30,WH001,C001,3,not delivered,AGV10,
172,01/01/2016 06:30,WH001,C001,4,on time,AGV5,
173,01/01/2016 06:30,WH001,C001,8,late,AGV8,
174,01/01/2016 06:30,WH001,C001,10,early,AGV5,
175,01/01/2016 06:30,WH001,C001,9,not delivered,AGV8,
176,01/01/2016 06:30,WH001,C001,6,on time,AGV5,
177,01/01/2016 06:30,WH001,C001,7,late,AGV8,
178,01/01/2016 06:30,WH001,C001,8,early,AGV6,
179,01/01/2016 06:30,WH001,C001,10,not delivered,AGV10,
180,01/01/2016 06:30,WH001,C001,6,on time,AGV2,
181,01/01/2016 06:30,WH001,C001,1,late,AGV9,
182,01/01/2016 06:30,WH001,C001,4,early,AGV4,
183,01/01/2016 06:30,WH001,C001,3,not delivered,AGV4,
184,01/01/2016 06:30,WH001,C001,5,on time,AGV5,
185,01/01/2016 06:30,WH001,C001,7,late,AGV4,
186,01/01/2016 06:30,WH001,C001,3,early,AGV6,
187,01/01/2016 06:30,WH001,C001,1,on time,AGV6,
188,01/01/2016 06:30,WH001,C001,7,late,AGV6,
189,01/01/2016 06:30,WH001,C001,7,early,AGV8,
190,01/01/2016 06:30,WH001,C001,4,not delivered,AGV5,
191,01/01/2016 06:30,WH001,C001,9,on time,AGV10,
192,01/01/2016 06:30,WH001,C001,9,late,AGV9,
193,01/01/2016 06:30,WH001,C001,3,early,AGV6,
194,01/01/2016 06:30,WH001,C001,2,not delivered,AGV10,
195,01/01/2016 06:30,WH001,C001,3,on time,AGV6,
196,01/01/2016 06:30,WH001,C001,4,late,AGV1,
197,01/01/2016 06:30,WH001,C001,5,early,AGV1,
198,01/01/2016 06:30,WH001,C001,4,not delivered,AGV7,
199,01/01/2016 06:30,WH001,C001,9,on time,AGV2,
200,01/01/2016 06:30,WH001,C001,7,late,AGV4,
201,01/01/2016 06:30,WH001,C001,1,early,AGV2,
202,01/01/2016 06:30,WH001,C001,6,not delivered,AGV1,
203,01/01/2016 06:30,WH001,C001,4,on time,AGV9,
204,01/01/2016 06:30,WH001,C001,1,late,AGV5,
205,01/01/2016 06:30,WH001,C001,5,early,AGV2,
206,01/01/2016 06:30,WH001,C001,2,not delivered,AGV10,
207,01/01/2016 06:30,WH001,C001,2,on time,AGV8,
208,01/01/2016 06:30,WH001,C001,3,late,AGV8,
209,01/01/2016 06:30,WH001,C001,7,early,AGV10,
210,01/01/2016 06:30,WH001,C001,9,not delivered,AGV2,
211,01/01/2016 06:30,WH001,C001,8,on time,AGV5,
212,01/01/2016 06:30,WH001,C001,10,late,AGV5,
213,01/01/2016 06:30,WH001,C001,6,early,AGV2,
214,01/01/2016 06:30,WH001,C001,6,not delivered,AGV1,
215,01/01/2016 06:30,WH002,C001,10,on time,AGV8,
216,01/01/2016 06:30,WH002,C001,6,late,AGV6,
217,01/01/2016 06:30,WH002,C001,1,early,AGV2,
218,01/01/2016 06:30,WH002,C001,10,on time,AGV6,
219,01/01/2016 06:30,WH002,C001,1,late,AGV3,
220,01/01/2016 06:30,WH002,C001,8,early,AGV4,
221,01/01/2016 06:30,WH002,C001,2,not delivered,AGV2,
222,01/01/2016 06:30,WH002,C001,10,on time,AGV3,
223,01/01/2016 06:30,WH002,C001,8,late,AGV3,
224,01/01/2016 06:30,WH002,C001,3,early,AGV10,
225,01/01/2016 06:30,WH002,C001,7,not delivered,AGV5,
226,01/01/2016 06:30,WH002,C001,2,on time,AGV5,
227,01/01/2016 06:30,WH002,C001,5,late,AGV5,
228,01/01/2016 06:30,WH002,C001,6,early,AGV2,
229,01/01/2016 06:30,WH002,C001,6,not delivered,AGV9,
230,01/01/2016 06:30,WH002,C001,4,on time,AGV4,
231,01/01/2016 06:30,WH002,C001,4,late,AGV10,
232,01/01/2016 06:30,WH002,C001,3,early,AGV4,
233,01/01/2016 06:30,WH002,C001,7,not delivered,AGV9,
234,01/01/2016 06:30,WH002,C001,6,on time,AGV9,
235,01/01/2016 06:30,WH002,C001,5,late,AGV4,
236,01/01/2016 06:30,WH002,C001,8,early,AGV3,
237,01/01/2016 06:30,WH002,C001,5,not delivered,AGV1,
238,01/01/2016 06:30,WH002,C001,6,on time,AGV1,
239,01/01/2016 06:30,WH002,C001,9,late,AGV7,
240,01/01/2016 06:30,WH002,C001,3,early,AGV10,
241,01/01/2016 06:30,WH002,C001,2,not delivered,AGV5,
242,01/01/2016 06:30,WH002,C001,2,on time,AGV8,
243,01/01/2016 06:30,WH002,C001,3,late,AGV10,
244,01/01/2016 06:30,WH002,C001,1,early,AGV10,
245,01/01/2016 06:30,WH002,C001,1,not delivered,AGV9,
246,01/01/2016 06:30,WH002,C001,5,on time,AGV1,
247,01/01/2016 06:30,WH002,C001,9,late,AGV2,
248,01/01/2016 06:30,WH002,C001,1,early,AGV1,
249,01/01/2016 06:30,WH002,C001,5,early,AGV1,
250,01/01/2016 06:30,WH002,C001,2,on time,AGV10,
251,01/01/2016 06:30,WH002,C001,7,late,AGV2,
252,01/01/2016 06:30,WH002,C001,7,early,AGV7,
253,01/01/2016 06:30,WH002,C001,4,not delivered,AGV6,
254,01/01/2016 06:30,WH002,C001,8,on time,AGV5,
255,01/01/2016 06:30,WH002,C001,9,late,AGV6,
256,01/01/2016 06:30,WH002,C001,7,early,AGV2,
257,01/01/2016 06:30,WH002,C001,6,not delivered,AGV10,
258,01/01/2016 06:30,WH002,C001,5,on time,AGV6,
259,01/01/2016 06:30,WH002,C001,4,late,AGV5,
260,01/01/2016 06:30,WH002,C001,5,early,AGV6,
261,01/01/2016 06:30,WH002,C001,6,not delivered,AGV3,
262,01/01/2016 06:30,WH002,C001,8,on time,AGV3,
263,01/01/2016 06:30,WH002,C001,8,late,AGV5,
264,01/01/2016 06:30,WH002,C001,7,early,AGV7,
265,01/01/2016 06:30,WH002,C001,1,not delivered,AGV9,
266,01/01/2016 06:30,WH002,C001,4,on time,AGV6,
267,01/01/2016 06:30,WH002,C001,9,late,AGV4,
268,01/01/2016 06:30,WH002,C001,8,early,AGV9,
269,01/01/2016 06:30,WH002,C001,7,not delivered,AGV4,
270,01/01/2016 06:30,WH002,C001,1,on time,AGV10,
271,01/01/2016 06:30,WH002,C001,6,late,AGV8,
272,01/01/2016 06:30,WH002,C001,1,early,AGV6,
273,01/01/2016 06:30,WH002,C001,10,not delivered,AGV7,
274,01/01/2016 06:30,WH002,C001,7,on time,AGV3,
275,01/01/2016 06:30,WH002,C001,8,late,AGV3,
276,01/01/2016 06:30,WH002,C001,2,early,AGV4,
277,01/01/2016 06:30,WH002,C001,10,not delivered,AGV9,
278,01/01/2016 06:30,WH002,C001,1,on time,AGV9,
279,01/01/2016 06:30,WH002,C001,7,late,AGV8,
280,01/01/2016 06:30,WH002,C001,9,early,AGV9,
281,01/01/2016 06:30,WH002,C001,9,on time,AGV4,
282,01/01/2016 06:30,WH002,C001,9,late,AGV4,
283,01/01/2016 06:30,WH002,C001,3,early,AGV8,
284,01/01/2016 06:30,WH002,C001,1,not delivered,AGV4,
285,01/01/2016 06:30,WH002,C001,6,on time,AGV4,
286,01/01/2016 06:30,WH002,C001,1,late,AGV5,
287,01/01/2016 06:30,WH002,C001,9,early,AGV10,
288,01/01/2016 06:30,WH002,C001,6,not delivered,AGV1,
289,01/01/2016 06:30,WH002,C001,2,on time,AGV9,
290,01/01/2016 06:30,WH002,C001,9,late,AGV9,
291,01/01/2016 06:30,WH002,C002,9,early,AGV5,
292,01/01/2016 06:30,WH002,C002,8,not delivered,AGV10,
293,01/01/2016 06:30,WH002,C002,4,on time,AGV4,
294,01/01/2016 06:30,WH002,C002,9,late,AGV2,
295,01/01/2016 06:30,WH002,C002,1,early,AGV7,
296,01/01/2016 06:30,WH002,C002,6,not delivered,AGV4,
297,01/01/2016 06:30,WH002,C002,2,on time,AGV10,
298,01/01/2016 06:30,WH002,C002,8,late,AGV10,
299,01/01/2016 06:30,WH002,C002,8,early,AGV2,
300,01/01/2016 06:30,WH002,C002,3,not delivered,AGV6,
301,01/01/2016 06:30,WH002,C002,2,on time,AGV9,
302,01/01/2016 06:30,WH002,C002,3,late,AGV4,
303,01/01/2016 06:30,WH002,C002,4,early,AGV6,
304,01/01/2016 06:30,WH002,C002,3,not delivered,AGV3,
305,01/01/2016 06:30,WH002,C002,2,on time,AGV1,
306,01/01/2016 06:30,WH002,C002,9,late,AGV7,
307,01/01/2016 06:30,WH002,C002,1,early,AGV6,
308,01/01/2016 06:30,WH002,C002,9,not delivered,AGV3,
309,01/01/2016 06:30,WH002,C002,4,on time,AGV1,
310,01/01/2016 06:30,WH002,C002,7,late,AGV2,
311,01/01/2016 06:30,WH002,C002,5,early,AGV1,
312,01/01/2016 06:30,WH002,C002,8,on time,AGV2,
313,01/01/2016 06:30,WH002,C002,7,late,AGV8,
314,01/01/2016 06:30,WH002,C002,7,early,AGV10,
315,01/01/2016 06:30,WH002,C002,10,not delivered,AGV2,
316,01/01/2016 06:30,WH002,C002,5,on time,AGV8,
317,01/01/2016 06:30,WH002,C002,9,late,AGV1,
318,01/01/2016 06:30,WH002,C002,8,early,AGV1,
319,01/01/2016 06:30,WH002,C002,9,not delivered,AGV6,
320,01/01/2016 06:30,WH002,C002,7,on time,AGV5,
321,01/01/2016 06:30,WH002,C002,4,late,AGV2,
322,01/01/2016 06:30,WH002,C002,2,early,AGV6,
323,01/01/2016 06:30,WH002,C002,4,not delivered,AGV4,
324,01/01/2016 06:30,WH002,C002,1,on time,AGV8,
325,01/01/2016 06:30,WH002,C002,8,late,AGV7,
326,01/01/2016 06:30,WH002,C002,5,early,AGV3,
327,01/01/2016 06:30,WH002,C002,1,not delivered,AGV1,
328,01/01/2016 06:30,WH002,C002,7,on time,AGV2,
329,01/01/2016 06:30,WH002,C002,9,late,AGV7,
330,01/01/2016 06:30,WH002,C002,5,early,AGV9,
331,01/01/2016 06:30,WH002,C002,2,not delivered,AGV6,
332,01/01/2016 06:30,WH002,C002,7,on time,AGV2,
333,01/01/2016 06:30,WH002,C002,2,late,AGV6,
334,01/01/2016 06:30,WH002,C002,8,early,AGV2,
335,01/01/2016 06:30,WH002,C002,6,not delivered,AGV9,
336,01/01/2016 06:30,WH002,C002,7,on time,AGV1,
337,01/01/2016 06:30,WH002,C002,3,late,AGV6,
338,01/01/2016 06:30,WH002,C002,5,early,AGV7,
339,01/01/2016 06:30,WH002,C002,2,not delivered,AGV2,
340,01/01/2016 06:30,WH002,C002,5,on time,AGV1,
341,01/01/2016 06:30,WH002,C002,5,late,AGV10,
342,01/01/2016 06:30,WH002,C002,2,early,AGV6,
343,01/01/2016 06:30,WH002,C002,5,on time,AGV4,
344,01/01/2016 06:30,WH002,C002,5,late,AGV10,
345,01/01/2016 06:30,WH002,C002,3,early,AGV6,
346,01/01/2016 06:30,WH002,C002,5,not delivered,AGV1,
347,01/01/2016 06:30,WH002,C002,7,on time,AGV7,
348,01/01/2016 06:30,WH002,C002,5,late,AGV6,
349,01/01/2016 06:30,WH002,C002,5,early,AGV5,
350,01/01/2016 06:30,WH002,C002,1,not delivered,AGV5,
351,01/01/2016 06:30,WH002,C002,6,on time,AGV6,
352,01/01/2016 06:30,WH002,C002,6,late,AGV7,
353,01/01/2016 06:30,WH002,C002,1,early,AGV1,
354,01/01/2016 06:30,WH002,C002,1,not delivered,AGV5,
355,01/01/2016 06:30,WH002,C002,9,on time,AGV3,
356,01/01/2016 06:30,WH002,C002,8,late,AGV5,
357,01/01/2016 06:30,WH002,C002,5,early,AGV2,
358,01/01/2016 06:30,WH002,C002,3,not delivered,AGV6,
359,01/01/2016 06:30,WH002,C002,3,on time,AGV8,
360,01/01/2016 06:30,WH002,C002,3,late,AGV6,
361,01/01/2016 06:30,WH002,C002,5,early,AGV5,
362,01/01/2016 06:30,WH002,C002,1,not delivered,AGV7,
363,01/01/2016 06:30,WH002,C002,6,on time,AGV6,
364,01/01/2016 06:30,WH002,C002,5,late,AGV6,
365,01/01/2016 06:30,WH002,C002,8,early,AGV2,
366,01/01/2016 06:30,WH002,C002,3,not delivered,AGV7,
367,01/01/2016 06:30,WH002,C002,2,on time,AGV10,
368,01/01/2016 06:30,WH002,C002,1,late,AGV4,
369,01/01/2016 06:30,WH002,C002,6,early,AGV3,
370,01/01/2016 06:30,WH002,C002,8,not delivered,AGV3,
371,01/01/2016 06:30,WH002,C002,4,on time,AGV10,
372,01/01/2016 06:30,WH002,C002,3,late,AGV2,
373,01/01/2016 06:30,WH002,C002,3,early,AGV1,
374,01/01/2016 06:30,WH002,C002,6,on time,AGV9,
375,01/01/2016 06:30,WH002,C002,8,late,AGV8,
376,01/01/2016 06:30,WH002,C002,8,early,AGV9,
377,01/01/2016 06:30,WH002,C002,5,not delivered,AGV9,
378,01/01/2016 06:30,WH002,C002,5,on time,AGV1,
379,01/01/2016 06:30,WH002,C002,5,late,AGV1,
380,01/01/2016 06:30,WH002,C002,8,early,AGV9,
381,01/01/2016 06:30,WH002,C002,6,not delivered,AGV3,
382,01/01/2016 06:30,WH002,C002,7,on time,AGV5,
383,01/01/2016 06:30,WH002,C002,3,late,AGV3,
384,01/01/2016 06:30,WH002,C002,4,early,AGV2,
385,01/01/2016 06:30,WH002,C002,2,not delivered,AGV8,
386,01/01/2016 06:30,WH002,C002,1,on time,AGV3,
387,01/01/2016 06:30,WH002,C002,10,late,AGV5,
388,01/01/2016 06:30,WH002,C002,5,early,AGV10,
389,01/01/2016 06:30,WH002,C002,4,not delivered,AGV10,
390,01/01/2016 06:30,WH002,C002,5,on time,AGV4,
391,01/01/2016 06:30,WH002,C002,9,late,AGV9,
392,01/01/2016 06:30,WH002,C002,7,early,AGV3,
393,01/01/2016 06:30,WH002,C002,3,not delivered,AGV10,
394,01/01/2016 06:30,WH002,C002,4,on time,AGV10,
395,01/01/2016 06:30,WH002,C002,1,late,AGV5,
396,01/01/2016 06:30,WH002,C002,7,early,AGV9,
397,01/01/2016 06:30,WH002,C002,6,not delivered,AGV9,
398,01/01/2016 06:30,WH002,C002,6,on time,AGV4,
399,01/01/2016 06:30,WH002,C002,2,late,AGV7,
400,01/01/2016 06:30,WH002,C002,3,early,AGV8,
401,01/01/2016 06:30,WH002,C002,4,not delivered,AGV6,
402,01/01/2016 06:30,WH002,C002,1,on time,AGV2,
403,01/01/2016 06:30,WH002,C002,4,late,AGV6,
404,01/01/2016 06:30,WH002,C002,2,early,AGV2,
405,01/01/2016 06:30,WH002,C002,6,on time,AGV3,
406,01/01/2016 06:30,WH002,C002,10,late,AGV2,
407,01/01/2016 06:30,WH002,C002,6,early,AGV1,
408,01/01/2016 06:30,WH002,C002,6,not delivered,AGV6,
409,01/01/2016 06:30,WH002,C002,9,on time,AGV6,
410,01/01/2016 06:30,WH002,C002,10,late,AGV9,
411,01/01/2016 06:30,WH002,C002,5,early,AGV8,
412,01/01/2016 06:30,WH002,C002,7,not delivered,AGV4,
413,01/01/2016 06:30,WH002,C002,3,on time,AGV4,
414,01/01/2016 06:30,WH002,C002,2,late,AGV7,
415,01/01/2016 06:30,WH002,C002,7,early,AGV3,
416,01/01/2016 06:30,WH002,C002,8,not delivered,AGV5,
417,01/01/2016 06:30,WH002,C002,6,on time,AGV7,
418,01/01/2016 06:30,WH002,C002,6,late,AGV5,
419,01/01/2016 06:30,WH002,C002,3,early,AGV8,
420,01/01/2016 06:30,WH002,C002,1,not delivered,AGV3,
421,01/01/2016 06:30,WH002,C002,4,on time,AGV10,
422,01/01/2016 06:30,WH002,C002,1,late,AGV2,
423,01/01/2016 06:30,WH002,C002,10,early,AGV10,
424,01/01/2016 06:30,WH002,C002,7,not delivered,AGV10,
425,01/01/2016 06:30,WH002,C002,2,on time,AGV3,
426,01/01/2016 06:30,WH002,C002,4,late,AGV5,
427,01/01/2016 06:30,WH002,C002,2,early,AGV7,
428,01/01/2016 06:30,WH002,C002,2,not delivered,AGV5,
429,01/01/2016 06:30,WH002,C002,9,on time,AGV6,
430,01/01/2016 06:30,WH002,C002,6,late,AGV9,
431,01/01/2016 06:30,WH002,C002,7,early,AGV7,
432,01/01/2016 06:30,WH002,C002,3,not delivered,AGV1,
433,01/01/2016 06:30,WH002,C002,4,on time,AGV4,
434,01/01/2016 06:30,WH002,C002,10,late,AGV3,
435,01/01/2016 06:30,WH002,C002,10,early,AGV4,
436,01/01/2016 06:30,WH002,C002,6,on time,AGV10,
437,01/01/2016 06:30,WH002,C002,10,late,AGV10,
438,01/01/2016 06:30,WH002,C002,7,early,AGV8,
439,01/01/2016 06:30,WH002,C002,9,not delivered,AGV4,
440,01/01/2016 06:30,WH002,C002,5,on time,AGV10,
441,01/01/2016 06:30,WH002,C002,5,late,AGV1,
442,01/01/2016 06:30,WH002,C002,8,early,AGV2,
443,01/01/2016 06:30,WH002,C002,10,not delivered,AGV9,
444,01/01/2016 06:30,WH002,C002,9,on time,AGV8,
445,01/01/2016 06:30,WH002,C002,9,late,AGV5,
446,01/01/2016 06:30,WH002,C002,2,early,AGV4,
447,01/01/2016 06:30,WH002,C002,10,not delivered,AGV2,
448,01/01/2016 06:30,WH002,C002,8,on time,AGV3,
449,01/01/2016 06:30,WH002,C002,5,late,AGV9,
450,01/01/2016 06:30,WH002,C002,2,early,AGV6,
451,01/01/2016 06:30,WH002,C002,2,not delivered,AGV4,
452,01/01/2016 06:30,WH002,C002,5,on time,AGV8,
453,01/01/2016 06:30,WH002,C002,4,late,AGV3,
454,01/01/2016 06:30,WH002,C002,9,early,AGV4,
455,01/01/2016 06:30,WH002,C002,2,not delivered,AGV8,
456,01/01/2016 06:30,WH002,C002,2,on time,AGV6,
457,01/01/2016 06:30,WH002,C002,3,late,AGV4,
458,01/01/2016 06:30,WH002,C002,2,early,AGV5,
459,01/01/2016 06:30,WH002,C002,8,not delivered,AGV2,
460,01/01/2016 06:30,WH002,C002,10,on time,AGV5,
461,01/01/2016 06:30,WH002,C002,7,late,AGV3,
462,01/01/2016 06:30,WH002,C002,7,early,AGV1,
463,01/01/2016 06:30,WH002,C002,9,not delivered,AGV10,
464,01/01/2016 06:30,WH002,C002,4,on time,AGV2,
465,01/01/2016 06:30,WH002,C002,10,late,AGV6,
466,01/01/2016 06:30,WH002,C002,6,early,AGV3,
467,01/01/2016 06:30,WH002,C002,10,on time,AGV7,
468,01/01/2016 06:30,WH002,C002,3,late,AGV1,
469,01/01/2016 06:30,WH002,C002,7,early,AGV8,
470,01/01/2016 06:30,WH002,C002,10,not delivered,AGV10,
471,01/01/2016 06:30,WH002,C002,3,on time,AGV8,
472,01/01/2016 06:30,WH002,C002,8,late,AGV6,
473,01/01/2016 06:30,WH002,C002,7,early,AGV2,
474,01/01/2016 06:30,WH002,C002,5,not delivered,AGV6,
475,01/01/2016 06:30,WH002,C002,2,on time,AGV10,
476,01/01/2016 06:30,WH002,C002,6,late,AGV2,
477,01/01/2016 06:30,WH002,C002,6,early,AGV3,
478,01/01/2016 06:30,WH002,C002,6,not delivered,AGV4,
479,01/01/2016 06:30,WH002,C002,5,on time,AGV1,
480,01/01/2016 06:30,WH002,C002,10,late,AGV9,
481,01/01/2016 06:30,WH002,C002,9,early,AGV4,
482,01/01/2016 06:30,WH002,C002,2,not delivered,AGV3,
483,01/01/2016 06:30,WH002,C002,1,on time,AGV1,
484,01/01/2016 06:30,WH002,C002,10,late,AGV2,
485,01/01/2016 06:30,WH002,C002,1,early,AGV1,
486,01/01/2016 06:30,WH002,C002,7,not delivered,AGV3,
487,01/01/2016 06:30,WH002,C002,8,on time,AGV6,
488,01/01/2016 06:30,WH002,C002,5,late,AGV3,
489,01/01/2016 06:30,WH002,C002,2,early,AGV5,
490,01/01/2016 06:30,WH002,C002,9,not delivered,AGV10,
491,01/01/2016 06:30,WH002,C002,8,on time,AGV10,
492,01/01/2016 06:30,WH002,C002,8,late,AGV4,
493,01/01/2016 06:30,WH002,C002,7,early,AGV10,
494,01/01/2016 06:30,WH002,C002,1,not delivered,AGV6,
495,01/01/2016 06:30,WH002,C002,8,on time,AGV5,
496,01/01/2016 06:30,WH002,C002,5,late,AGV10,
497,01/01/2016 06:30,WH002,C002,7,early,AGV5,
498,01/01/2016 06:30,WH002,C002,4,on time,AGV1,
499,01/01/2016 06:30,WH002,C002,4,late,AGV8,
500,01/01/2016 06:30,WH002,C002,9,early,AGV9,
501,01/01/2016 06:30,WH002,C002,7,not delivered,AGV7,
502,01/01/2016 06:30,WH002,C002,1,on time,AGV7,
503,01/01/2016 06:30,WH002,C002,2,late,AGV4,
504,01/01/2016 06:30,WH002,C002,6,early,AGV3,
505,01/01/2016 06:30,WH002,C002,7,not delivered,AGV7,
506,01/01/2016 06:30,WH002,C002,7,on time,AGV1,
507,01/01/2016 06:30,WH002,C002,5,late,AGV7,
508,01/01/2016 06:30,WH002,C002,4,early,AGV6,
509,01/01/2016 06:30,WH002,C002,7,not delivered,AGV1,
510,01/01/2016 06:30,WH002,C002,3,on time,AGV9,
511,01/01/2016 06:30,WH002,C002,2,late,AGV2,
512,01/01/2016 06:30,WH002,C002,1,early,AGV4,
513,01/01/2016 06:30,WH002,C002,10,not delivered,AGV10,
514,01/01/2016 06:30,WH002,C002,4,on time,AGV4,
515,01/01/2016 06:30,WH002,C002,2,late,AGV8,
516,01/01/2016 06:30,WH002,C002,2,early,AGV6,
517,01/01/2016 06:30,WH002,C002,7,not delivered,AGV7,
518,01/01/2016 06:30,WH002,C002,4,on time,AGV3,
519,01/01/2016 06:30,WH002,C002,4,late,AGV6,
520,01/01/2016 06:30,WH002,C002,8,early,AGV9,
521,01/01/2016 06:30,WH002,C002,2,not delivered,AGV8,
522,01/01/2016 06:30,WH002,C002,2,on time,AGV7,
523,01/01/2016 06:30,WH002,C002,10,late,AGV3,
524,01/01/2016 06:30,WH002,C002,10,early,AGV3,
525,01/01/2016 06:30,WH002,C002,4,not delivered,AGV1,
526,01/01/2016 06:30,WH002,C002,2,on time,AGV4,
527,01/01/2016 06:30,WH002,C002,9,late,AGV1,
528,01/01/2016 06:30,WH002,C002,7,early,AGV1,
529,01/01/2016 06:30,WH002,C002,1,on time,AGV6,
530,01/01/2016 06:30,WH002,C002,5,late,AGV2,
531,01/01/2016 06:30,WH002,C002,10,early,AGV4,
532,01/01/2016 06:30,WH002,C002,7,not delivered,AGV4,
533,01/01/2016 06:30,WH002,C002,2,on time,AGV1,
534,01/01/2016 06:30,WH002,C002,9,late,AGV2,
535,01/01/2016 06:30,WH002,C002,9,early,AGV7,
536,01/01/2016 06:30,WH002,C002,3,not delivered,AGV2,
537,01/01/2016 06:30,WH002,C002,2,on time,AGV5,
538,01/01/2016 06:30,WH002,C002,2,late,AGV4,
539,01/01/2016 06:30,WH002,C002,1,early,AGV3,
540,01/01/2016 06:30,WH002,C002,5,not delivered,AGV7,
541,01/01/2016 06:30,WH002,C002,9,on time,AGV9,
542,01/01/2016 06:30,WH002,C002,3,late,AGV5,
543,01/01/2016 06:30,WH002,C002,1,early,AGV9,
544,01/01/2016 06:30,WH002,C002,2,not delivered,AGV5,
545,01/01/2016 06:30,WH002,C002,9,on time,AGV3,
546,01/01/2016 06:30,WH002,C002,5,late,AGV4,
547,01/01/2016 06:30,WH002,C002,10,early,AGV1,
548,01/01/2016 06:30,WH002,C002,8,not delivered,AGV4,
549,01/01/2016 06:30,WH002,C002,10,on time,AGV5,
550,01/01/2016 06:30,WH002,C002,2,late,AGV2,
551,01/01/2016 06:30,WH002,C002,9,early,AGV4,
552,01/01/2016 06:30,WH002,C002,10,not delivered,AGV3,
553,01/01/2016 06:30,WH002,C002,4,on time,AGV10,
554,01/01/2016 06:30,WH002,C002,8,late,AGV8,
555,01/01/2016 06:30,WH002,C002,1,early,AGV8,
556,01/01/2016 06:30,WH002,C002,7,not delivered,AGV6,
557,01/01/2016 06:30,WH002,C002,3,on time,AGV4,
558,01/01/2016 06:30,WH002,C002,7,late,AGV3,
559,01/01/2016 06:30,WH002,C002,1,early,AGV3,
560,01/01/2016 06:30,WH002,C002,10,on time,AGV3,
561,01/01/2016 06:30,WH002,C002,2,late,AGV7,
562,01/01/2016 06:30,WH002,C002,5,early,AGV4,
563,01/01/2016 06:30,WH002,C002,5,not delivered,AGV8,
564,01/01/2016 06:30,WH002,C002,7,on time,AGV7,
565,01/01/2016 06:30,WH002,C002,8,late,AGV6,
566,01/01/2016 06:30,WH002,C002,8,early,AGV10,
567,01/01/2016 06:30,WH002,C002,3,not delivered,AGV1,
568,01/01/2016 06:30,WH002,C002,4,on time,AGV1,
569,01/01/2016 06:30,WH002,C002,7,late,AGV2,
570,01/01/2016 06:30,WH002,C002,7,early,AGV3,
571,01/01/2016 06:30,WH002,C002,4,not delivered,AGV3,
572,01/01/2016 06:30,WH002,C002,4,on time,AGV5,
573,01/01/2016 06:30,WH002,C002,5,late,AGV2,
574,01/01/2016 06:30,WH002,C002,8,early,AGV4,
575,01/01/2016 06:30,WH002,C002,8,not delivered,AGV5,
576,01/01/2016 06:30,WH002,C002,1,on time,AGV1,
577,01/01/2016 06:30,WH002,C002,8,late,AGV2,
578,01/01/2016 06:30,WH002,C002,5,early,AGV2,
579,01/01/2016 06:30,WH002,C002,7,not delivered,AGV2,
580,01/01/2016 06:30,WH002,C002,4,on time,AGV1,
581,01/01/2016 06:30,WH002,C002,4,late,AGV8,
582,01/01/2016 06:30,WH002,C002,9,early,AGV8,
583,01/01/2016 06:30,WH002,C002,4,not delivered,AGV3,
584,01/01/2016 06:30,WH002,C002,10,on time,AGV3,
585,01/01/2016 06:30,WH002,C002,1,late,AGV5,
586,01/01/2016 06:30,WH002,C002,9,early,AGV6,
587,01/01/2016 06:30,WH002,C002,3,not delivered,AGV10,
588,01/01/2016 06:30,WH002,C002,10,on time,AGV8,
589,01/01/2016 06:30,WH002,C002,5,late,AGV10,
590,01/01/2016 06:30,WH002,C002,2,early,AGV2,
591,01/01/2016 06:30,WH002,C002,6,on time,AGV4,
592,01/01/2016 06:30,WH002,C002,6,late,AGV4,
593,01/01/2016 06:30,WH002,C002,3,early,AGV7,
594,01/01/2016 06:30,WH002,C002,8,not delivered,AGV4,
595,01/01/2016 06:30,WH002,C002,7,on time,AGV2,
596,01/01/2016 06:30,WH002,C002,4,late,AGV8,
597,01/01/2016 06:30,WH002,C002,5,early,AGV3,
598,01/01/2016 06:30,WH002,C002,4,not delivered,AGV8,
599,01/01/2016 06:30,WH002,C002,9,on time,AGV5,
600,01/01/2016 06:30,WH002,C002,5,late,AGV7,
601,01/01/2016 06:30,WH002,C002,7,early,AGV10,
602,01/01/2016 06:30,WH002,C002,3,not delivered,AGV4,
603,01/01/2016 06:30,WH002,C002,9,on time,AGV3,
604,01/01/2016 06:30,WH002,C002,1,late,AGV1,
605,01/01/2016 06:30,WH002,C002,3,early,AGV6,
606,01/01/2016 06:30,WH002,C002,7,not delivered,AGV8,
607,01/01/2016 06:30,WH002,C002,4,on time,AGV7,
608,01/01/2016 06:30,WH002,C002,7,late,AGV8,
609,01/01/2016 06:30,WH002,C002,9,early,AGV7,
610,01/01/2016 06:30,WH002,C002,8,not delivered,AGV3,
611,01/01/2016 06:30,WH002,C002,9,on time,AGV1,
612,01/01/2016 06:30,WH002,C002,4,late,AGV9,
613,01/01/2016 06:30,WH002,C002,7,early,AGV1,
614,01/01/2016 06:30,WH002,C002,10,not delivered,AGV9,
615,01/01/2016 06:30,WH002,C002,2,on time,AGV5,
616,01/01/2016 06:30,WH002,C002,5,late,AGV6,
617,01/01/2016 06:30,WH002,C002,9,early,AGV5,
618,01/01/2016 06:30,WH002,C002,9,not delivered,AGV5,
619,01/01/2016 06:30,WH002,C002,6,on time,AGV6,
620,01/01/2016 06:30,WH002,C002,6,late,AGV3,
621,01/01/2016 06:30,WH002,C002,4,early,AGV5,
622,01/01/2016 06:30,WH002,C002,8,on time,AGV10,
623,01/01/2016 06:30,WH002,C002,9,late,AGV9,
624,01/01/2016 06:30,WH002,C002,7,early,AGV2,
625,01/01/2016 06:30,WH002,C002,1,not delivered,AGV8,
626,01/01/2016 06:30,WH002,C002,1,on time,AGV5,
627,01/01/2016 06:30,WH002,C002,6,late,AGV8,
628,01/01/2016 06:30,WH002,C002,10,early,AGV2,
629,01/01/2016 06:30,WH002,C002,10,not delivered,AGV10,
630,01/01/2016 06:30,WH002,C002,4,on time,AGV8,
631,01/01/2016 06:30,WH002,C002,6,late,AGV7,
632,01/01/2016 06:30,WH002,C002,7,early,AGV10,
633,01/01/2016 06:30,WH002,C002,1,not delivered,AGV6,
634,01/01/2016 06:30,WH002,C002,4,on time,AGV1,
635,01/01/2016 06:30,WH002,C002,7,late,AGV5,
636,01/01/2016 06:30,WH002,C002,5,early,AGV9,
637,01/01/2016 06:30,WH002,C002,4,not delivered,AGV3,
638,01/01/2016 06:30,WH002,C002,1,on time,AGV6,
639,01/01/2016 06:30,WH002,C002,8,late,AGV1,
640,01/01/2016 06:30,WH002,C002,2,early,AGV10,
641,01/01/2016 06:30,WH002,C002,9,not delivered,AGV4,
642,01/01/2016 06:30,WH002,C002,3,on time,AGV5,
643,01/01/2016 06:30,WH002,C002,10,late,AGV1,
644,01/01/2016 06:30,WH002,C002,1,early,AGV3,
645,01/01/2016 06:30,WH002,C002,4,not delivered,AGV6,
646,01/01/2016 06:30,WH002,C002,8,on time,AGV9,
647,01/01/2016 06:30,WH002,C002,5,late,AGV1,
648,01/01/2016 06:30,WH002,C002,4,early,AGV9,
649,01/01/2016 06:30,WH002,C002,9,not delivered,AGV9,
650,01/01/2016 06:30,WH002,C002,9,on time,AGV4,
651,01/01/2016 06:30,WH002,C002,4,late,AGV9,
652,01/01/2016 06:30,WH002,C002,2,early,AGV3,
653,01/01/2016 06:30,WH002,C002,6,on time,AGV8,
654,01/01/2016 06:30,WH002,C002,7,late,AGV2,
655,01/01/2016 06:30,WH002,C002,4,early,AGV5,
656,01/01/2016 06:30,WH002,C002,8,not delivered,AGV3,
657,01/01/2016 06:30,WH002,C002,5,on time,AGV9,
658,01/01/2016 06:30,WH003,C002,2,late,AGV7,
659,01/01/2016 06:30,WH003,C002,9,early,AGV10,
660,01/01/2016 06:30,WH003,C002,4,not delivered,AGV7,
661,01/01/2016 06:30,WH003,C002,6,on time,AGV3,
662,01/01/2016 06:30,WH003,C002,1,late,AGV5,
663,01/01/2016 06:30,WH003,C002,2,early,AGV9,
664,01/01/2016 06:30,WH003,C002,3,not delivered,AGV1,
665,01/01/2016 06:30,WH003,C002,5,on time,AGV4,
666,01/01/2016 06:30,WH003,C002,3,late,AGV2,
667,01/01/2016 06:30,WH003,C002,7,early,AGV3,
668,01/01/2016 06:30,WH003,C002,8,not delivered,AGV3,
669,01/01/2016 06:30,WH003,C002,7,on time,AGV2,
670,01/01/2016 06:30,WH003,C002,6,late,AGV5,
671,01/01/2016 06:30,WH003,C002,3,early,AGV2,
672,01/01/2016 06:30,WH003,C002,8,not delivered,AGV5,
673,01/01/2016 06:30,WH003,C002,2,on time,AGV1,
674,01/01/2016 06:30,WH003,C002,2,late,AGV4,
675,01/01/2016 06:30,WH003,C002,4,early,AGV1,
676,01/01/2016 06:30,WH003,C002,10,not delivered,AGV6,
677,01/01/2016 06:30,WH003,C002,9,on time,AGV9,
678,01/01/2016 06:30,WH003,C002,9,late,AGV5,
679,01/01/2016 06:30,WH003,C002,7,early,AGV2,
680,01/01/2016 06:30,WH003,C002,1,not delivered,AGV8,
681,01/01/2016 06:30,WH003,C002,1,on time,AGV10,
682,01/01/2016 06:30,WH003,C002,4,late,AGV3,
683,01/01/2016 06:30,WH003,C002,6,early,AGV6,
684,01/01/2016 06:30,WH003,C002,4,on time,AGV2,
685,01/01/2016 06:30,WH003,C002,2,late,AGV9,
686,01/01/2016 06:30,WH003,C002,7,early,AGV4,
687,01/01/2016 06:30,WH003,C002,10,not delivered,AGV5,
688,01/01/2016 06:30,WH003,C002,2,on time,AGV9,
689,01/01/2016 06:30,WH003,C002,10,late,AGV2,
690,01/01/2016 06:30,WH003,C002,4,early,AGV1,
691,01/01/2016 06:30,WH003,C002,3,not delivered,AGV4,
692,01/01/2016 06:30,WH003,C002,2,on time,AGV8,
693,01/01/2016 06:30,WH003,C002,1,late,AGV5,
694,01/01/2016 06:30,WH003,C002,2,early,AGV4,
695,01/01/2016 06:30,WH003,C002,5,not delivered,AGV6,
696,01/01/2016 06:30,WH003,C002,9,on time,AGV9,
697,01/01/2016 06:30,WH003,C002,1,late,AGV5,
698,01/01/2016 06:30,WH003,C002,6,early,AGV1,
699,01/01/2016 06:30,WH003,C002,3,not delivered,AGV6,
700,01/01/2016 06:30,WH003,C002,7,on time,AGV6,
701,01/01/2016 06:30,WH003,C002,3,late,AGV3,
702,01/01/2016 06:30,WH003,C002,1,early,AGV5,
703,01/01/2016 06:30,WH003,C002,4,not delivered,AGV8,
704,01/01/2016 06:30,WH003,C002,8,on time,AGV3,
705,01/01/2016 06:30,WH003,C002,5,late,AGV10,
706,01/01/2016 06:30,WH003,C002,7,early,AGV2,
707,01/01/2016 06:30,WH003,C002,7,not delivered,AGV5,
708,01/01/2016 06:30,WH003,C002,7,on time,AGV7,
709,01/01/2016 06:30,WH003,C002,7,late,AGV8,
710,01/01/2016 06:30,WH003,C002,5,early,AGV3,
711,01/01/2016 06:30,WH003,C002,2,not delivered,AGV8,
712,01/01/2016 06:30,WH003,C002,8,on time,AGV1,
713,01/01/2016 06:30,WH003,C002,8,late,AGV4,
714,01/01/2016 06:30,WH003,C002,8,early,AGV6,
715,01/01/2016 06:30,WH003,C002,2,on time,AGV7,
716,01/01/2016 06:30,WH003,C002,1,late,AGV5,
717,01/01/2016 06:30,WH003,C002,3,early,AGV1,
718,01/01/2016 06:30,WH003,C002,2,not delivered,AGV6,
719,01/01/2016 06:30,WH003,C002,3,on time,AGV3,
720,01/01/2016 06:30,WH003,C002,6,late,AGV7,
721,01/01/2016 06:30,WH003,C002,2,early,AGV3,
722,01/01/2016 06:30,WH003,C002,10,not delivered,AGV7,
723,01/01/2016 06:30,WH003,C002,4,on time,AGV5,
724,01/01/2016 06:30,WH003,C002,8,late,AGV1,
725,01/01/2016 06:30,WH003,C002,7,early,AGV3,
726,01/01/2016 06:30,WH003,C002,8,not delivered,AGV3,
727,01/01/2016 06:30,WH003,C002,1,on time,AGV8,
728,01/01/2016 06:30,WH003,C002,3,late,AGV10,
729,01/01/2016 06:30,WH003,C002,6,early,AGV6,
730,01/01/2016 06:30,WH003,C002,6,not delivered,AGV5,
731,01/01/2016 06:30,WH003,C002,3,on time,AGV9,
732,01/01/2016 06:30,WH003,C002,3,late,AGV3,
733,01/01/2016 06:30,WH003,C002,5,early,AGV6,
734,01/01/2016 06:30,WH003,C002,4,not delivered,AGV8,
735,01/01/2016 06:30,WH003,C002,7,on time,AGV1,
736,01/01/2016 06:30,WH003,C002,2,late,AGV8,
737,01/01/2016 06:30,WH003,C002,2,early,AGV7,
738,01/01/2016 06:30,WH003,C002,2,not delivered,AGV5,
739,01/01/2016 06:30,WH003,C002,1,on time,AGV4,
740,01/01/2016 06:30,WH003,C002,7,late,AGV9,
741,01/01/2016 06:30,WH003,C002,7,early,AGV7,
742,01/01/2016 06:30,WH003,C002,2,not delivered,AGV10,
743,01/01/2016 06:30,WH003,C002,6,on time,AGV1,
744,01/01/2016 06:30,WH003,C002,5,late,AGV2,
745,01/01/2016 06:30,WH003,C002,1,early,AGV5,
746,01/01/2016 06:30,WH003,C002,7,on time,AGV5,
747,01/01/2016 06:30,WH003,C002,9,late,AGV9,
748,01/01/2016 06:30,WH003,C002,6,early,AGV4,
749,01/01/2016 06:30,WH003,C002,5,not delivered,AGV1,
750,01/01/2016 06:30,WH003,C002,5,on time,AGV10,
751,01/01/2016 06:30,WH003,C002,6,late,AGV9,
752,01/01/2016 06:30,WH003,C002,10,early,AGV1,
753,01/01/2016 06:30,WH003,C002,9,not delivered,AGV3,
754,01/01/2016 06:30,WH003,C002,8,on time,AGV6,
755,01/01/2016 06:30,WH003,C002,4,late,AGV8,
756,01/01/2016 06:30,WH003,C002,3,early,AGV7,
757,01/01/2016 06:30,WH003,C002,4,not delivered,AGV7,
758,01/01/2016 06:30,WH003,C002,9,on time,AGV3,
759,01/01/2016 06:30,WH003,C002,6,late,AGV8,
760,01/01/2016 06:30,WH003,C002,1,early,AGV5,
761,01/01/2016 06:30,WH003,C002,3,not delivered,AGV8,
762,01/01/2016 06:30,WH003,C002,1,on time,AGV3,
763,01/01/2016 06:30,WH003,C002,3,late,AGV8,
764,01/01/2016 06:30,WH003,C002,6,early,AGV1,
765,01/01/2016 06:30,WH003,C002,4,not delivered,AGV6,
766,01/01/2016 06:30,WH003,C002,8,on time,AGV3,
767,01/01/2016 06:30,WH003,C002,6,late,AGV2,
768,01/01/2016 06:30,WH003,C002,6,early,AGV5,
769,01/01/2016 06:30,WH003,C002,2,not delivered,AGV3,
770,01/01/2016 06:30,WH003,C002,10,on time,AGV10,
771,01/01/2016 06:30,WH003,C002,8,late,AGV7,
772,01/01/2016 06:30,WH003,C002,6,early,AGV7,
773,01/01/2016 06:30,WH003,C002,4,not delivered,AGV8,
774,01/01/2016 06:30,WH003,C002,5,on time,AGV4,
775,01/01/2016 06:30,WH003,C002,6,late,AGV1,
776,01/01/2016 06:30,WH003,C002,1,early,AGV7,
777,01/01/2016 06:30,WH003,C002,4,on time,AGV2,
778,01/01/2016 06:30,WH003,C002,10,late,AGV2,
779,01/01/2016 06:30,WH003,C002,2,early,AGV6,
780,01/01/2016 06:30,WH003,C002,6,not delivered,AGV1,
781,01/01/2016 06:30,WH003,C002,10,on time,AGV6,
782,01/01/2016 06:30,WH003,C002,7,late,AGV4,
783,01/01/2016 06:30,WH003,C002,4,early,AGV4,
784,01/01/2016 06:30,WH003,C002,2,not delivered,AGV3,
785,01/01/2016 06:30,WH003,C002,2,on time,AGV9,
786,01/01/2016 06:30,WH003,C002,9,late,AGV8,
787,01/01/2016 06:30,WH003,C002,3,early,AGV4,
788,01/01/2016 06:30,WH003,C002,6,not delivered,AGV5,
789,01/01/2016 06:30,WH003,C002,8,on time,AGV5,
790,01/01/2016 06:30,WH003,C002,5,late,AGV2,
791,01/01/2016 06:30,WH003,C002,7,early,AGV6,
792,01/01/2016 06:30,WH003,C002,5,not delivered,AGV9,
793,01/01/2016 06:30,WH003,C002,3,on time,AGV6,
794,01/01/2016 06:30,WH003,C002,9,late,AGV9,
795,01/01/2016 06:30,WH003,C002,8,early,AGV1,
796,01/01/2016 06:30,WH003,C002,7,not delivered,AGV4,
797,01/01/2016 06:30,WH003,C002,2,on time,AGV9,
798,01/01/2016 06:30,WH003,C002,7,late,AGV9,
799,01/01/2016 06:30,WH003,C002,8,early,AGV1,
800,01/01/2016 06:30,WH003,C002,7,not delivered,AGV3,
801,01/01/2016 06:30,WH003,C002,4,on time,AGV5,
802,01/01/2016 06:30,WH003,C002,10,late,AGV10,
803,01/01/2016 06:30,WH003,C002,1,early,AGV10,
804,01/01/2016 06:30,WH003,C002,7,not delivered,AGV10,
805,01/01/2016 06:30,WH003,C002,10,on time,AGV5,
806,01/01/2016 06:30,WH003,C002,10,late,AGV7,
807,01/01/2016 06:30,WH003,C002,9,early,AGV3,
808,01/01/2016 06:30,WH003,C002,5,on time,AGV4,
809,01/01/2016 06:30,WH003,C002,1,late,AGV1,
810,01/01/2016 06:30,WH003,C002,4,early,AGV3,
811,01/01/2016 06:30,WH003,C002,1,not delivered,AGV9,
812,01/01/2016 06:30,WH003,C002,7,on time,AGV5,
813,01/01/2016 06:30,WH003,C002,4,late,AGV8,
814,01/01/2016 06:30,WH003,C002,8,early,AGV6,
815,01/01/2016 06:30,WH003,C002,4,not delivered,AGV1,
816,01/01/2016 06:30,WH003,C002,8,on time,AGV6,
817,01/01/2016 06:30,WH003,C002,1,late,AGV4,
818,01/01/2016 06:30,WH003,C002,1,early,AGV1,
819,01/01/2016 06:30,WH003,C002,9,not delivered,AGV2,
820,01/01/2016 06:30,WH003,C002,10,on time,AGV7,
821,01/01/2016 06:30,WH003,C002,9,late,AGV5,
822,01/01/2016 06:30,WH003,C002,3,early,AGV1,
823,01/01/2016 06:30,WH003,C002,7,not delivered,AGV5,
824,01/01/2016 06:30,WH003,C002,7,on time,AGV6,
825,01/01/2016 06:30,WH003,C002,6,late,AGV6,
826,01/01/2016 06:30,WH003,C002,8,early,AGV6,
827,01/01/2016 06:30,WH003,C002,10,not delivered,AGV8,
828,01/01/2016 06:30,WH003,C002,3,on time,AGV9,
829,01/01/2016 06:30,WH003,C002,2,late,AGV8,
830,01/01/2016 06:30,WH003,C002,2,early,AGV9,
831,01/01/2016 06:30,WH003,C002,10,not delivered,AGV3,
832,01/01/2016 06:30,WH003,C002,3,on time,AGV4,
833,01/01/2016 06:30,WH003,C002,4,late,AGV7,
834,01/01/2016 06:30,WH003,C002,5,early,AGV2,
835,01/01/2016 06:30,WH003,C002,2,not delivered,AGV2,
836,01/01/2016 06:30,WH003,C002,10,on time,AGV2,
837,01/01/2016 06:30,WH003,C002,7,late,AGV5,
838,01/01/2016 06:30,WH003,C002,6,early,AGV1,
839,01/01/2016 06:30,WH003,C002,1,on time,AGV10,
840,01/01/2016 06:30,WH003,C002,5,late,AGV8,
841,01/01/2016 06:30,WH003,C002,1,early,AGV8,
842,01/01/2016 06:30,WH003,C002,2,not delivered,AGV7,
843,01/01/2016 06:30,WH003,C002,9,on time,AGV2,
844,01/01/2016 06:30,WH003,C002,7,late,AGV1,
845,01/01/2016 06:30,WH003,C002,3,early,AGV4,
846,01/01/2016 06:30,WH003,C002,6,not delivered,AGV9,
847,01/01/2016 06:30,WH003,C002,10,on time,AGV3,
848,01/01/2016 06:30,WH003,C002,8,late,AGV7,
849,01/01/2016 06:30,WH003,C002,5,early,AGV10,
850,01/01/2016 06:30,WH003,C002,3,not delivered,AGV10,
851,01/01/2016 06:30,WH003,C002,7,on time,AGV2,
852,01/01/2016 06:30,WH003,C002,3,late,AGV3,
853,01/01/2016 06:30,WH003,C002,3,early,AGV10,
854,01/01/2016 06:30,WH003,C002,4,not delivered,AGV7,
855,01/01/2016 06:30,WH003,C002,6,on time,AGV2,
856,01/01/2016 06:30,WH003,C002,8,late,AGV3,
857,01/01/2016 06:30,WH003,C002,5,early,AGV7,
858,01/01/2016 06:30,WH003,C002,6,not delivered,AGV7,
859,01/01/2016 06:30,WH003,C002,7,on time,AGV6,
860,01/01/2016 06:30,WH003,C002,1,late,AGV1,
861,01/01/2016 06:30,WH003,C002,5,early,AGV9,
862,01/01/2016 06:30,WH003,C002,2,not delivered,AGV9,
863,01/01/2016 06:30,WH003,C002,8,on time,AGV2,
864,01/01/2016 06:30,WH003,C002,1,late,AGV6,
865,01/01/2016 06:30,WH003,C002,7,early,AGV3,
866,01/01/2016 06:30,WH003,C002,3,not delivered,AGV1,
867,01/01/2016 06:30,WH003,C002,4,on time,AGV10,
868,01/01/2016 06:30,WH003,C002,6,late,AGV5,
869,01/01/2016 06:30,WH003,C002,4,early,AGV8,
870,01/01/2016 06:30,WH003,C002,4,on time,AGV9,
871,01/01/2016 06:30,WH003,C002,7,late,AGV8,
872,01/01/2016 06:30,WH003,C002,1,early,AGV2,
873,01/01/2016 06:30,WH003,C002,2,not delivered,AGV1,
874,01/01/2016 06:30,WH003,C002,2,on time,AGV3,
875,01/01/2016 06:30,WH003,C002,7,late,AGV5,
876,01/01/2016 06:30,WH003,C002,9,early,AGV10,
877,01/01/2016 06:30,WH003,C002,4,not delivered,AGV9,
878,01/01/2016 06:30,WH003,C002,1,on time,AGV2,
879,01/01/2016 06:30,WH003,C002,1,late,AGV6,
880,01/01/2016 06:30,WH003,C002,10,early,AGV2,
881,01/01/2016 06:30,WH003,C002,5,not delivered,AGV9,
882,01/01/2016 06:30,WH003,C002,4,on time,AGV3,
883,01/01/2016 06:30,WH003,C002,9,late,AGV1,
884,01/01/2016 06:30,WH003,C002,9,early,AGV5,
885,01/01/2016 06:30,WH003,C002,2,not delivered,AGV2,
886,01/01/2016 06:30,WH003,C002,2,on time,AGV9,
887,01/01/2016 06:30,WH003,C002,10,late,AGV3,
888,01/01/2016 06:30,WH003,C002,2,early,AGV7,
889,01/01/2016 06:30,WH003,C002,5,not delivered,AGV1,
890,01/01/2016 06:30,WH003,C002,7,on time,AGV4,
891,01/01/2016 06:30,WH003,C002,7,late,AGV3,
892,01/01/2016 06:30,WH003,C002,8,early,AGV7,
893,01/01/2016 06:30,WH003,C002,2,not delivered,AGV7,
894,01/01/2016 06:30,WH003,C002,1,on time,AGV9,
895,01/01/2016 06:30,WH003,C002,6,late,AGV5,
896,01/01/2016 06:30,WH003,C002,2,early,AGV3,
897,01/01/2016 06:30,WH003,C002,3,not delivered,AGV4,
898,01/01/2016 06:30,WH003,C002,10,on time,AGV10,
899,01/01/2016 06:30,WH003,C002,2,late,AGV1,
900,01/01/2016 06:30,WH003,C002,10,early,AGV7,
901,01/01/2016 06:30,WH003,C002,1,on time,AGV1,
902,01/01/2016 06:30,WH003,C002,6,late,AGV10,
903,01/01/2016 06:30,WH003,C002,2,early,AGV4,
904,01/01/2016 06:30,WH003,C002,1,not delivered,AGV5,
905,01/01/2016 06:30,WH003,C002,5,on time,AGV6,
906,01/01/2016 06:30,WH003,C002,2,late,AGV5,
907,01/01/2016 06:30,WH003,C002,6,early,AGV6,
908,01/01/2016 06:30,WH003,C002,2,not delivered,AGV9,
909,01/01/2016 06:30,WH003,C002,3,on time,AGV1,
910,01/01/2016 06:30,WH003,C002,7,late,AGV7,
911,01/01/2016 06:30,WH003,C002,6,early,AGV5,
912,01/01/2016 06:30,WH003,C002,6,not delivered,AGV4,
913,01/01/2016 06:30,WH003,C002,1,on time,AGV6,
914,01/01/2016 06:30,WH003,C002,4,late,AGV4,
915,01/01/2016 06:30,WH003,C002,5,early,AGV8,
916,01/01/2016 06:30,WH003,C002,3,not delivered,AGV2,
917,01/01/2016 06:30,WH003,C002,8,on time,AGV1,
918,01/01/2016 06:30,WH003,C002,7,late,AGV7,
919,01/01/2016 06:30,WH003,C002,10,early,AGV5,
920,01/01/2016 06:30,WH003,C002,9,not delivered,AGV1,
921,01/01/2016 06:30,WH003,C002,9,on time,AGV8,
922,01/01/2016 06:30,WH003,C002,7,late,AGV6,
923,01/01/2016 06:30,WH003,C002,5,early,AGV4,
924,01/01/2016 06:30,WH003,C002,7,not delivered,AGV8,
925,01/01/2016 06:30,WH003,C002,7,on time,AGV5,
926,01/01/2016 06:30,WH003,C002,1,late,AGV3,
927,01/01/2016 06:30,WH003,C002,5,early,AGV2,
928,01/01/2016 06:30,WH003,C002,5,not delivered,AGV7,
929,01/01/2016 06:30,WH003,C002,3,on time,AGV1,
930,01/01/2016 06:30,WH003,C002,10,late,AGV8,
931,01/01/2016 06:30,WH003,C002,5,early,AGV4,
932,01/01/2016 06:30,WH003,C002,3,on time,AGV7,
933,01/01/2016 06:30,WH003,C002,5,late,AGV2,
934,01/01/2016 06:30,WH003,C002,4,early,AGV10,
935,01/01/2016 06:30,WH003,C002,1,not delivered,AGV3,
936,01/01/2016 06:30,WH003,C002,6,on time,AGV3,
937,01/01/2016 06:30,WH003,C002,9,late,AGV6,
938,01/01/2016 06:30,WH003,C002,8,early,AGV4,
939,01/01/2016 06:30,WH003,C002,10,not delivered,AGV4,
940,01/01/2016 06:30,WH003,C002,2,on time,AGV10,
941,01/01/2016 06:30,WH003,C002,2,late,AGV8,
942,01/01/2016 06:30,WH003,C002,4,early,AGV8,
943,01/01/2016 06:30,WH003,C002,3,not delivered,AGV6,
944,01/01/2016 06:30,WH003,C002,2,on time,AGV4,
945,01/01/2016 06:30,WH003,C002,9,late,AGV3,
946,01/01/2016 06:30,WH003,C002,6,early,AGV4,
947,01/01/2016 06:30,WH003,C002,6,not delivered,AGV6,
948,01/01/2016 06:30,WH003,C002,7,on time,AGV6,
949,01/01/2016 06:30,WH003,C002,7,late,AGV2,
950,01/01/2016 06:30,WH003,C002,6,early,AGV6,
951,01/01/2016 06:30,WH003,C002,10,not delivered,AGV1,
952,01/01/2016 06:30,WH003,C002,3,on time,AGV10,
953,01/01/2016 06:30,WH003,C002,7,late,AGV3,
954,01/01/2016 06:30,WH003,C002,1,early,AGV6,
955,01/01/2016 06:30,WH003,C002,5,not delivered,AGV7,
956,01/01/2016 06:30,WH003,C002,6,on time,AGV7,
957,01/01/2016 06:30,WH003,C002,5,late,AGV4,
958,01/01/2016 06:30,WH003,C002,7,early,AGV10,
959,01/01/2016 06:30,WH003,C002,8,not delivered,AGV4,
960,01/01/2016 06:30,WH003,C002,9,on time,AGV10,
961,01/01/2016 06:30,WH003,C002,1,late,AGV7,
962,01/01/2016 06:30,WH003,C002,2,early,AGV4,
963,01/01/2016 06:30,WH003,C002,1,on time,AGV6,
964,01/01/2016 06:30,WH003,C002,5,late,AGV1,
965,01/01/2016 06:30,WH003,C002,2,early,AGV9,
966,01/01/2016 06:30,WH003,C002,9,not delivered,AGV10,
967,01/01/2016 06:30,WH003,C002,10,on time,AGV7,
968,01/01/2016 06:30,WH003,C002,4,late,AGV4,
969,01/01/2016 06:30,WH003,C002,7,early,AGV9,
970,01/01/2016 06:30,WH003,C002,1,not delivered,AGV4,
971,01/01/2016 06:30,WH003,C002,2,on time,AGV2,
972,01/01/2016 06:30,WH003,C002,4,late,AGV3,
973,01/01/2016 06:30,WH003,C002,10,early,AGV1,
974,01/01/2016 06:30,WH003,C002,7,not delivered,AGV2,
975,01/01/2016 06:30,WH003,C002,8,on time,AGV1,
976,01/01/2016 06:30,WH003,C002,5,late,AGV5,
977,01/01/2016 06:30,WH003,C002,1,early,AGV6,
978,01/01/2016 06:30,WH003,C002,4,not delivered,AGV9,
979,01/01/2016 06:30,WH003,C002,2,on time,AGV9,
980,01/01/2016 06:30,WH003,C002,3,late,AGV9,
981,01/01/2016 06:30,WH003,C002,1,early,AGV1,
982,01/01/2016 06:30,WH003,C002,8,not delivered,AGV10,
983,01/01/2016 06:30,WH003,C002,4,on time,AGV3,
984,01/01/2016 06:30,WH003,C002,9,late,AGV10,
985,01/01/2016 06:30,WH003,C002,9,early,AGV2,
986,01/01/2016 06:30,WH003,C002,7,not delivered,AGV5,
987,01/01/2016 06:30,WH003,C002,3,on time,AGV8,
988,01/01/2016 06:30,WH003,C002,1,late,AGV9,
989,01/01/2016 06:30,WH003,C002,2,early,AGV1,
990,01/01/2016 06:30,WH003,C002,9,not delivered,AGV2,
991,01/01/2016 06:30,WH003,C002,5,on time,AGV3,
992,01/01/2016 06:30,WH003,C002,10,late,AGV10,
993,01/01/2016 06:30,WH003,C002,6,early,AGV6,
994,01/01/2016 06:30,WH003,C002,6,on time,AGV3,
995,01/01/2016 06:30,WH003,C002,8,late,AGV7,
996,01/01/2016 06:30,WH003,C002,10,early,AGV1,
997,01/01/2016 06:30,WH003,C002,5,not delivered,AGV4,
998,01/01/2016 06:30,WH003,C002,8,on time,AGV7,
999,01/01/2016 06:30,WH003,C002,4,late,AGV2,
1000,01/01/2016 06:30,WH003,C002,2,early,AGV10,
1001,01/01/2016 06:30,WH003,C002,9,not delivered,AGV8,
1002,01/01/2016 06:30,WH003,C002,6,on time,AGV6,
1003,01/01/2016 06:30,WH003,C002,9,late,AGV6,
1004,01/01/2016 06:30,WH003,C002,1,early,AGV8,
1005,01/01/2016 06:30,WH003,C002,1,not delivered,AGV5,
1006,01/01/2016 06:30,WH003,C002,2,on time,AGV7,
1007,01/01/2016 06:30,WH003,C002,5,late,AGV10,
1008,01/01/2016 06:30,WH003,C002,9,early,AGV8,
1009,01/01/2016 06:30,WH003,C002,9,not delivered,AGV8,
1010,01/01/2016 06:30,WH003,C002,7,on time,AGV9,
1011,01/01/2016 06:30,WH003,C002,10,late,AGV9,
1012,01/01/2016 06:30,WH003,C002,9,early,AGV8,
1013,01/01/2016 06:30,WH003,C002,4,not delivered,AGV7,
1014,01/01/2016 06:30,WH003,C002,9,on time,AGV6,
1015,01/01/2016 06:30,WH003,C002,10,late,AGV1,
1016,01/01/2016 06:30,WH003,C002,9,early,AGV6,
1017,01/01/2016 06:30,WH003,C002,7,not delivered,AGV6,
1018,01/01/2016 06:30,WH003,C002,7,on time,AGV10,
1019,01/01/2016 06:30,WH003,C002,5,late,AGV3,
1020,01/01/2016 06:30,WH003,C002,8,early,AGV10,
1021,01/01/2016 06:30,WH003,C002,5,not delivered,AGV6,
1022,01/01/2016 06:30,WH003,C002,4,on time,AGV4,
1023,01/01/2016 06:30,WH003,C002,4,late,AGV8,
1024,01/01/2016 06:30,WH003,C002,1,early,AGV2,
1025,01/01/2016 06:30,WH003,C002,6,on time,AGV3,
1026,01/01/2016 06:30,WH003,C002,9,late,AGV7,
1027,01/01/2016 06:30,WH003,C002,2,early,AGV4,
1028,01/01/2016 06:30,WH003,C002,8,not delivered,AGV1,
1029,01/01/2016 06:30,WH003,C002,10,on time,AGV9,
1030,01/01/2016 06:30,WH003,C002,10,late,AGV1,
1031,01/01/2016 06:30,WH003,C002,1,early,AGV8,
1032,01/01/2016 06:30,WH003,C002,5,not delivered,AGV5,
1033,01/01/2016 06:30,WH003,C002,9,on time,AGV8,
1034,01/01/2016 06:30,WH003,C002,5,late,AGV3,
1035,01/01/2016 06:30,WH003,C002,1,early,AGV9,
1036,01/01/2016 06:30,WH003,C002,8,not delivered,AGV4,
1037,01/01/2016 06:30,WH003,C002,2,on time,AGV9,
1038,01/01/2016 06:30,WH003,C002,7,late,AGV10,
1039,01/01/2016 06:30,WH003,C002,5,early,AGV1,
1040,01/01/2016 06:30,WH003,C002,10,not delivered,AGV8,
1041,01/01/2016 06:30,WH003,C002,2,on time,AGV6,
1042,01/01/2016 06:30,WH003,C002,8,late,AGV5,
1043,01/01/2016 06:30,WH003,C002,10,early,AGV4,
1044,01/01/2016 06:30,WH003,C002,7,not delivered,AGV3,
1045,01/01/2016 06:30,WH003,C002,6,on time,AGV7,
1046,01/01/2016 06:30,WH003,C002,3,late,AGV9,
1047,01/01/2016 06:30,WH003,C002,6,early,AGV4,
1048,01/01/2016 06:30,WH003,C002,10,not delivered,AGV5,
1049,01/01/2016 06:30,WH003,C002,9,on time,AGV5,
1050,01/01/2016 06:30,WH003,C002,2,late,AGV10,
1051,01/01/2016 06:30,WH003,C002,1,early,AGV5,
1052,01/01/2016 06:30,WH003,C002,6,not delivered,AGV2,
1053,01/01/2016 06:30,WH003,C002,3,on time,AGV2,
